candidate_id,reviewer_id,blind_order,concept_clarity,brand_fit,visual_hierarchy,product_fidelity,claim_accuracy,craft_and_finish,distinctiveness,adaptability,publishability,finishing_seconds,required_changes,notes
NC-01,,,,,,,,,,,,,,
NC-02,,,,,,,,,,,,,,
NC-03,,,,,,,,,,,,,,
BS-01,,,,,,,,,,,,,,
BS-02,,,,,,,,,,,,,,
BS-03,,,,,,,,,,,,,,
CF-01,,,,,,,,,,,,,,
CF-02,,,,,,,,,,,,,,
CF-03,,,,,,,,,,,,,,
FW-01,,,,,,,,,,,,,,
FW-02,,,,,,,,,,,,,,
FW-03,,,,,,,,,,,,,,
OL-01,,,,,,,,,,,,,,
OL-02,,,,,,,,,,,,,,
OL-03,,,,,,,,,,,,,,
